longitude,latitude,slope_degrees,elevation_m,event_datetime,temperature_2m_C,soil_temperature_level_1_C,soil_temperature_level_2_C,precip_hourly_mm,precip_3h_mm,precip_1d_mm,precip_3d_mm,landslide
12.3966,47.446,2.131732071690111,749.0447998046875,2013-10-09 00:00:00,7.964320000000043,8.736630000000048,9.352720000000032,0.26226044,1.0734647500000187,2.5733411167199813,7.374191184860016,1
13.787332,46.726906,3.1968658148094735,731.2611083984375,2016-09-04 18:04:00,16.99642,17.800620000000038,17.6456,0.4352033,0.5701631169999969,3.2941968000399964,5.130708341540001,1
7.61990403,46.28376389,46.84055789723862,1014.325439453125,2017-05-29 13:34:00,19.114160000000027,6.027500000000032,0.1407400000000507,0.1093447199999999,0.1942664369999859,0.4584863792399919,2.4377422122390056,1
12.132183,46.539613,5.953274795724094,1204.4844970703125,2016-08-16 17:45:00,13.065449999999998,13.868250000000046,13.270039999999996,0.009670854,0.0600963840000128,3.2490475395500056,13.478648083712995,1
6.807628202,44.32688636,21.70075773478317,2707.783203125,2017-06-30 13:20:00,9.054700000000024,15.238100000000031,10.847920000000045,0.15850365,0.2407431619999858,2.0562707258199984,22.03593265016,1
9.595744348,46.29694459,54.31426908089816,2788.71728515625,2017-08-23 13:45:00,16.48058000000003,19.10910000000001,13.117800000000043,1.0383278,1.269489510000002,1.3697743251299963,1.6423642493500037,1
9.596416952,46.29691494,55.40955193442017,2805.356201171875,2017-08-25 13:45:00,17.008500000000026,19.25356000000005,14.352620000000002,0.15929344,0.4040897200000017,1.1113375694699963,3.204324852940004,1
6.852,46.7191,0.7460813399953974,482.99249267578125,2013-02-03 00:00:00,-2.6064799999999764,1.476130000000012,2.256130000000041,0.45304,1.815190539999996,20.64659640999999,45.59487482224199,1
6.7208,46.4885,15.71511144870945,413.90411376953125,2015-05-05 09:00:00,18.80856,12.97732000000002,11.865319999999995,2.9802322e-05,0.0007189810349809,0.7746145364199982,37.91482095379001,1
7.2083,45.9547,1.3994699887898194,1612.3719482421875,2011-09-03 19:15:00,9.77487000000002,10.519770000000053,10.316250000000023,0.982821,1.7568468999999984,9.900164573770006,11.578536013195013,1
6.8935,45.8737,13.353571266989265,3475.74853515625,2007-03-03 00:00:00,-3.6580599999999777,-1.075400000000002,-0.948099999999954,1.3488829,3.362178800000017,26.39617395,70.911151354,1
12.4306,47.5244,2.6496749269213318,658.291015625,2013-06-02 00:00:00,4.509520000000009,4.286100000000033,4.327140000000043,3.8907677,12.42736000000001,43.92847843999999,109.28948631,1
9.2635,45.0664,0.6931509119608248,85.65765380859375,2009-04-28 00:00:00,12.239040000000044,12.193500000000029,12.45013,0.7138252,3.3911913999999963,31.93753217,43.50156956907713,1
7.4086,46.1906,31.584157792828258,937.6505737304688,2015-05-03 00:00:00,4.690400000000011,-0.0977499999999622,-0.0756999999999834,1.47897,3.768771800000002,14.94891933730003,68.352247673492,1
9.4,45.9835,29.209844601086576,725.392333984375,2013-12-26 00:00:00,1.9672500000000357,1.2644999999999982,1.2134599999999978,4.011661,12.27013400000004,66.8775963,86.42867147417599,1
8.6944,44.4099,44.560676226433706,39.007781982421875,2016-03-19 00:00:00,,,,,,,,1
9.6947,46.6723,29.48133115489776,1161.6959228515625,2014-08-13 12:30:00,8.154930000000036,8.646020000000021,8.825460000000021,3.2596737,9.302824700000013,34.018382408,51.05549080293,1
8.0499,45.576,24.96933262867289,484.0133972167969,2014-11-12 09:00:00,7.615200000000016,7.435540000000003,7.608969999999999,2.9686317,9.827800100000006,82.6501401,133.834760684,1
8.5282,44.4197,15.30330636641626,831.2889404296875,2010-10-31 23:00:00,8.402000000000044,9.003440000000012,9.942700000000002,3.8903803,9.18117160000001,62.436239778,86.6318697708636,1
12.2186,46.4891,69.87971035865372,2178.867919921875,2015-08-04 23:00:00,12.630100000000027,14.13050000000004,15.555630000000008,0.00062584877,0.117748975769996,5.127275442570022,16.643004316869007,1
7.5449,46.1905,27.018675406332157,2475.763671875,2011-06-04 00:00:00,9.593870000000038,6.898700000000019,7.473299999999995,0.12491643,0.2615600759999955,2.6312111889000023,21.419206120540007,1
12.8788,43.3166,28.83177826962662,420.50439453125,2011-03-02 00:00:00,0.5423200000000179,2.589960000000019,3.222560000000044,2.3050904,7.646992700000002,41.82013882,50.31819951073,1
6.699,43.9585,32.14389626164883,671.0216064453125,2014-02-08 11:10:00,0.1335000000000263,1.397580000000005,1.5791300000000206,0.4573687999999999,0.5829259834999835,6.685121040094032,33.789609648298004,1
8.1243,43.9266,30.515397210303977,22.822275161743164,2014-01-17 00:00:00,10.972340000000033,9.618280000000029,9.159750000000033,3.5975873,11.361405299999989,40.28205594498,47.514165125769,1
9.9381,44.0928,29.7190204644769,56.45413589477539,2010-10-31 23:00:00,15.425440000000036,14.267100000000028,13.835300000000018,2.0863265,6.776839499999976,74.6937394,77.6457667083636,1
9.2572,46.0161,0.0,197.0,2011-07-07 00:00:00,17.05453,16.31695000000002,18.7278,0.0025331974,0.0119984614000008,3.286349832999991,5.382242876693998,1
6.4793,43.4641,7.604698219635352,90.3419418334961,2010-06-15 00:00:00,17.70876000000004,19.397580000000005,21.03958,1.6285479,3.331988999999994,4.128783899999996,7.546374321132502,1
8.9745,46.8598,7.442464105793881,1176.22998046875,2016-05-13 00:00:00,0.2571700000000305,-0.102549999999951,-0.0923199999999724,0.82829595,3.4428238500000283,19.968647680000007,27.5788793663,1
9.0563,44.3804,36.73368643819747,27.788524627685547,2014-01-19 00:00:00,7.785730000000001,7.6077000000000226,8.14205000000004,0.38030744,1.8778741399999868,30.418157680000004,97.311902638,1
7.6639,44.6467,2.0199384643729634,314.1044921875,2008-05-30 00:00:00,13.409500000000037,14.278770000000009,14.770440000000008,3.0243099,8.365541699999994,53.70308465999999,72.19163886499997,1
9.3134,44.3471,17.938249160275316,104.80036926269531,2014-11-10 00:00:00,,,,,,,,1
7.3968,46.9602,8.821315741594578,566.799072265625,2016-05-14 00:00:00,8.739860000000022,8.838220000000035,9.599150000000009,0.2746936,0.7059043400000202,15.974784400000011,51.4647198175,1
9.2386,45.97,15.283537360168799,269.0129699707031,2013-12-26 00:00:00,2.6020000000000323,3.0125400000000013,3.172450000000026,4.072115,12.361373999999955,69.0378178,89.90895716819999,1
8.98,45.97,36.27819176076116,539.6371459960938,2008-07-14 00:00:00,12.401200000000015,13.778340000000014,16.095420000000047,1.7954744,7.001232300000009,53.503762740000006,107.70221954439,1
13.8002,45.6621,20.26618025557832,137.26522827148438,2014-10-14 00:00:00,16.803500000000042,17.136930000000007,17.847620000000006,2.3781657,5.907297199999984,14.979267639000016,18.57880099419999,1
11.2315,46.3291,32.82867757763337,467.53436279296875,2014-01-21 20:20:00,2.6539600000000405,0.4730000000000132,0.5727800000000229,0.0013199589999999,0.001349761321996,0.0396030907560008,18.161703740855994,1
7.1583,44.1867,20.138816183387867,2016.6114501953125,2014-02-23 05:00:00,-5.309299999999951,2.2830000000000155,2.552030000000002,0.0,0.0,0.0029236078050071,2.556828990116998,1
9.6882,44.2408,3.911978613680915,285.0453186035156,2011-10-25 00:00:00,9.620660000000044,10.080100000000016,11.488370000000032,1.2268424,1.846849919999996,2.838659351065007,2.840456431028995,1
6.7933,45.8892,23.38903839159291,1021.8928833007812,2015-05-02 00:00:00,1.0165000000000075,-0.3648999999999773,-0.3626999999999611,4.3473690000000005,12.01468700000001,72.6991367,82.48543874132291,1
7.2325,43.7276,35.79811640740093,226.46482849121094,2014-11-05 00:00:00,14.56313,14.170000000000016,14.593960000000038,4.2130053,12.3259125,94.3263321,104.109084119374,1
6.9932,46.4093,61.24036353627149,1813.9207763671875,1995-08-14 00:00:00,12.378080000000011,13.365000000000007,14.688620000000014,0.08364301,0.4477202900000137,12.91254167359,35.02586489242001,1
7.2253,46.4873,9.485215944277526,1010.137939453125,2014-07-13 00:00:00,5.87148000000002,7.775480000000016,8.795980000000043,1.4704764,3.3005475999999927,14.794135404000013,56.963438174,1
8.7412,46.6901,45.05681746717051,1981.729736328125,2016-03-14 23:00:00,-5.063099999999963,-0.8458299999999781,-0.5623999999999683,0.020444393,0.0636279580000038,0.3755032937700071,0.7802392181429973,1
6.7124,45.3917,25.034952432019484,1372.7294921875,2016-07-11 00:00:00,11.472500000000023,10.416560000000004,12.267179999999996,0.0,0.0030398368500116,2.758547658809997,4.089607959531005,1
8.5968,45.9,20.376783720856285,201.39990234375,2014-11-15 23:00:00,7.643060000000048,8.656460000000038,9.907039999999997,3.8534403,11.700332199999972,80.53828779999999,89.55637497992001,1
7.599044836,46.27197927,48.23838249183684,1917.321533203125,2016-07-22 00:00:00,12.715660000000014,12.02343000000002,13.374840000000006,0.0,0.2388954162599857,4.815667932959992,4.817926949140005,1
11.2603,44.3189,3.2962827729547,177.6022186279297,2010-05-15 23:00:00,9.319240000000036,10.103600000000029,11.317830000000017,0.3016293,1.4571398599999963,32.06242625,35.165214588221,1
6.8171,45.8549,34.27959416801484,3146.449462890625,2015-08-27 08:30:00,13.885100000000024,12.306970000000035,10.21786000000003,0.0,0.0009834766000119,0.00504582559308,13.66800654503978,1
8.4163,44.2136,37.233494314942895,19.83201789855957,2014-03-09 00:00:00,,,,,,,,1
7.376,45.7513,29.565915243119417,731.72607421875,2008-05-30 00:00:00,8.708340000000021,-0.2739599999999882,-0.4014300000000048,0.07712841,1.6402006500000057,22.216811539999995,43.563900231,1
8.9042,44.4979,8.653082885216158,92.0865249633789,2013-12-26 00:00:00,8.949670000000026,8.455900000000042,8.465419999999995,4.1747987,14.838583699999976,79.2686417,99.778993804,1
6.8971,45.9291,33.021478977442946,1500.1715087890625,2015-05-02 00:00:00,-0.8546000000000049,-0.6129499999999553,-0.6205199999999991,3.9457977,11.198386700000016,69.07626259999999,78.3546585211947,1
7.289,46.8769,1.412905378026811,596.493896484375,2014-07-13 00:00:00,13.002340000000004,13.61727000000002,14.489340000000029,0.14100969,0.7814616000000173,6.157272975999996,29.696637215999992,1
13.6488,47.562,9.673034880927135,516.7612915039062,2013-06-19 22:00:00,16.411339999999996,15.049300000000017,16.586330000000032,0.0,0.0,0.0044256448600071,2.149529735655781,1
12.3009,43.3135,7.517824059503256,253.0928955078125,2013-04-08 00:00:00,3.748379999999997,5.982900000000029,8.846429999999998,0.0,0.0,0.0466585146409999,8.475893512040999,1
12.5392,47.0015,5.525692643353884,981.8986206054688,2013-05-14 00:00:00,-1.511449999999968,-0.136699999999962,-0.1144799999999577,0.004976988,0.0170171265000071,1.1566162635000168,20.7204490965,1
12.9525,47.2943,7.499377688523072,791.932373046875,2013-06-02 00:00:00,2.7048300000000154,3.063440000000014,3.3212800000000016,3.976494,11.390179399999989,34.75791597600001,89.30287305599998,1
6.8446,45.8694,25.755732156760857,2569.06005859375,2015-05-02 09:00:00,3.75472000000002,-0.3594699999999875,-0.3584699999999543,0.0,0.0196658075000106,59.5337278415,93.1296152866,1
10.1432,44.0493,39.46630605703903,239.12232971191406,2010-10-31 23:00:00,,,,,,,,1
8.9804,46.0365,10.877104288937463,416.9903259277344,2014-11-16 02:30:00,5.723569999999995,7.334500000000048,8.502620000000036,3.0678557000000004,9.047035000000015,80.0933132,87.78985550614368,1
7.829,43.862,18.939729968041476,179.32867431640625,2010-11-01 00:00:00,9.041070000000047,9.515530000000012,10.614370000000008,3.0114502,9.683113699999982,66.324442496,87.1904227016547,1
8.8353,46.0155,28.74411459519808,645.4491577148438,2014-11-05 18:00:00,9.429700000000024,9.85250000000002,10.554220000000043,2.8811842,11.25809560000002,133.575977,193.4416283334,1
8.8888,47.2185,20.57473729910321,417.4398498535156,2013-06-02 09:00:00,9.104360000000042,9.088160000000016,8.392800000000022,1.3784617,4.717402100000022,54.0277323,137.388843537,1
10.127,44.0513,14.008801287043747,98.90286254882812,2010-10-31 23:00:00,14.032860000000028,13.130400000000009,12.79427000000004,2.4484843,7.319018299999975,76.3258488,78.8376956833636,1
7.2412,43.8214,17.831099324149818,305.651611328125,2014-11-04 00:00:00,10.980200000000025,11.528160000000014,12.478139999999996,2.7604247,4.868685699999995,8.4925200431,8.593799514538194,1
7.1526,44.8098,35.79010060130011,727.2167358398438,2008-05-30 00:00:00,9.911460000000034,10.669399999999996,11.13372000000004,0.7843524000000001,4.573196199999995,78.8856149,154.59732708,1
9.7197,44.2231,4.431710086748338,101.94728088378906,2011-10-26 00:00:00,14.14930000000004,13.484340000000032,13.198480000000018,2.0524338,9.685330099999996,95.702603,98.542201124169,1
7.4654,46.1013,50.97484787550774,2684.5126953125,2015-10-19 09:25:00,-2.858679999999993,-0.0368699999999648,0.4728600000000256,0.015087426,0.0539720059999862,4.127547135500012,4.175365449263009,1
11.4988,47.0272,39.14095239861464,1253.0595703125,2013-09-03 00:00:00,5.176840000000027,5.8910999999999945,8.892880000000048,0.0,0.0,0.0222027306399884,9.021341737729283,1
11.5224,47.422,55.094306972792346,1440.093505859375,2010-08-21 00:00:00,11.16067000000004,10.705399999999996,12.17025000000001,0.021100044,0.0703483239999845,0.9887911182000098,5.883107291169991,1
6.5319,45.3401,22.458086202825317,1717.908447265625,2015-02-27 00:00:00,-9.420999999999992,-0.3707599999999615,-0.0218999999999596,0.14322996,0.3318587200000271,0.3811192549818069,10.2952755769118,1
11.3032,43.3491,2.584437812347306,339.3154602050781,2013-10-22 00:00:00,16.354600000000005,16.247299999999996,16.67855000000003,0.0441223399999999,0.0955611479999973,49.98267519289998,55.23118420605001,1
7.4146,46.965,13.02863376210266,565.7852172851562,2016-05-14 00:00:00,8.739860000000022,8.838220000000035,9.599150000000009,0.2746936,0.7059043400000202,15.974784400000011,51.4647198175,1
6.5662,45.8358,3.9054927302687052,1015.4635009765625,2015-05-03 00:00:00,4.622029999999995,0.1659200000000282,0.2035999999999944,2.0284206,6.273061099999987,19.84141769983001,95.87583987288,1
11.1463,46.8621,55.806126219261216,1645.1944580078125,2014-11-16 00:00:00,-1.4000599999999963,2.4159200000000283,2.588040000000035,2.030015,8.345694299999995,19.220460189999997,21.638525290549985,1
13.8188,47.8734,58.3161089894055,642.8528442382812,2007-12-01 00:00:00,1.7131600000000162,4.582730000000026,4.9131700000000365,0.034093857,0.2044886369999866,4.4845431306000165,4.6363144376,1
9.4192,46.0539,37.94493248902472,962.5286254882812,2013-12-26 06:00:00,1.2690000000000057,0.3644700000000398,0.376700000000028,2.4158359000000003,8.552119200000027,75.22311060000001,102.64169732423,1
13.5114,43.6263,3.179806387751051,3.244368076324463,2013-08-22 08:44:00,24.30215000000004,26.837980000000016,24.01910000000004,0.0,0.0,0.0008813444719893,7.536189920290995,1
9.8792,44.1473,6.4940287692488186,179.1308135986328,2010-10-31 23:00:00,15.425440000000036,14.267100000000028,13.835300000000018,2.0863265,6.776839499999976,74.6937394,77.6457667083636,1
6.658183,46.51108985,9.932209865397425,428.3702392578125,2017-02-19 18:25:00,7.58322000000004,4.768200000000036,4.771839999999997,0.0,-1.192120202220446e-05,0.0039309261218008,4.818869849644013,1
11.3032,43.3491,2.584437812347306,339.3154602050781,1973-09-26 14:00:00,18.90115000000003,19.12002000000001,18.155970000000025,1.0207593,4.399746699999992,39.539548105,226.333061603,0
11.3032,43.3491,2.584437812347306,339.3154602050781,1965-09-03 06:00:00,14.462820000000022,16.337850000000003,17.962180000000046,1.9530356,5.051262700000007,22.1755614801354,142.9811709501354,0
11.3032,43.3491,2.584437812347306,339.3154602050781,1966-11-06 07:00:00,11.964750000000038,11.20236,11.454980000000036,0.02464652,0.2598799800000069,2.990728598039996,132.21065603428002,0
11.3032,43.3491,2.584437812347306,339.3154602050781,2012-11-13 16:00:00,15.113850000000014,15.067960000000028,14.738460000000032,0.01603365,0.219151376,33.57157480559998,121.1291815356,0
11.3032,43.3491,2.584437812347306,339.3154602050781,1965-09-28 23:00:00,12.630580000000007,14.766099999999994,16.61130000000003,0.07196888,3.260027580000006,62.53077598,109.1061118363,0
12.3009,43.3135,7.517824059503256,253.0928955078125,1980-11-06 15:00:00,10.594449999999997,10.700900000000049,10.502830000000015,0.4779472999999999,2.1388232999999945,20.42411284200001,119.186342892,0
12.3009,43.3135,7.517824059503256,253.0928955078125,1950-10-27 09:00:00,7.742330000000038,10.346150000000025,11.86596000000003,0.08702278,0.2385927340000013,26.023949444,92.354452804,0
12.3009,43.3135,7.517824059503256,253.0928955078125,1965-09-03 10:00:00,15.142800000000022,16.676230000000032,17.474630000000047,2.0353645,8.6974958,33.61374127000001,91.98491545,0
12.3009,43.3135,7.517824059503256,253.0928955078125,2024-10-05 06:00:00,10.97564,13.388149999999996,15.420920000000024,0.121600926,0.6052926160000001,17.094704230999998,88.54967903490001,0
12.3009,43.3135,7.517824059503256,253.0928955078125,1953-01-01 07:00:00,5.04006000000004,5.511930000000007,5.945760000000007,1.4549084,5.925621800000003,28.914589313,88.46354668,0
12.8788,43.3166,28.83177826962662,420.50439453125,2013-11-13 12:00:00,11.019800000000032,11.615000000000007,11.498000000000047,0.21515111,0.7781913600000009,9.645464160000005,107.18548905,0
12.8788,43.3166,28.83177826962662,420.50439453125,1966-09-19 13:00:00,16.6841,17.864980000000003,17.438750000000027,0.31590462,1.3813711599999947,70.17864286000001,94.42476921266,0
12.8788,43.3166,28.83177826962662,420.50439453125,2008-03-07 21:00:00,0.5107399999999984,5.013760000000048,5.419700000000034,0.038057566,0.667799276,33.148825086,86.966696887,0
12.8788,43.3166,28.83177826962662,420.50439453125,2009-06-02 19:00:00,12.953030000000012,13.945460000000026,14.69467000000003,1.4901161e-05,0.0004917383209991,20.730346373321,83.930168150631,0
12.8788,43.3166,28.83177826962662,420.50439453125,2005-04-12 16:00:00,9.616420000000003,10.849450000000047,9.33593000000002,0.8181073,2.939564899999999,11.736989900999998,82.848549341,0
6.4793,43.4641,7.604698219635352,90.3419418334961,2011-11-06 10:00:00,13.803860000000045,14.182100000000048,14.52633000000003,1.3321787,3.7502459999999913,76.84420789999999,185.125391838,0
6.4793,43.4641,7.604698219635352,90.3419418334961,2019-11-24 12:00:00,11.70437000000004,11.346699999999998,11.235070000000007,0.7097572,3.1073539999999964,54.53212587999999,155.9425891104,0
6.4793,43.4641,7.604698219635352,90.3419418334961,2010-11-02 13:00:00,15.844870000000014,14.674860000000024,12.973900000000016,0.67546964,3.0402837399999934,17.17439583139999,152.29683882740002,0
6.4793,43.4641,7.604698219635352,90.3419418334961,1958-12-21 23:00:00,7.75732000000005,8.137,9.008050000000026,0.037148595,0.3048032550000024,12.777984095000004,142.691134855,0
6.4793,43.4641,7.604698219635352,90.3419418334961,2000-10-15 12:00:00,14.782650000000046,15.713220000000035,16.230000000000018,3.568679,8.532151599999992,63.14328696,137.344958388,0
13.5114,43.6263,3.179806387751051,3.244368076324463,1966-09-19 18:00:00,19.170980000000043,19.054160000000024,19.983360000000005,0.0109672549999999,0.0713253400000089,32.24294561399999,111.9761610189,0
13.5114,43.6263,3.179806387751051,3.244368076324463,2024-09-20 06:00:00,17.318660000000023,17.77236000000005,18.841240000000028,0.2540201,1.177199200000009,44.27735869999999,103.04350221,0
13.5114,43.6263,3.179806387751051,3.244368076324463,1955-09-13 14:00:00,20.70205000000004,20.827260000000024,20.6044,0.22455305,3.914780950000007,86.90423562,97.833638261721,0
13.5114,43.6263,3.179806387751051,3.244368076324463,1976-08-19 19:00:00,17.685270000000003,17.607000000000028,18.836450000000013,1.0789335,2.8398037000000143,61.08514973999999,95.5944367555,0
13.5114,43.6263,3.179806387751051,3.244368076324463,1982-12-02 06:00:00,12.296400000000006,12.028999999999996,12.372370000000046,0.94509125,2.621706550000015,35.87466847999999,93.99436412,0
7.2325,43.7276,35.79811640740093,226.46482849121094,1957-12-14 00:00:00,8.136870000000044,7.567650000000015,8.277919999999995,0.025632791,0.2650208810000017,14.901694800278005,178.032321672278,0
7.2325,43.7276,35.79811640740093,226.46482849121094,2011-11-06 09:00:00,13.76690000000002,13.604520000000036,13.972530000000006,1.3531893,9.949494,85.97607163,172.597322669,0
7.2325,43.7276,35.79811640740093,226.46482849121094,2000-10-15 10:00:00,15.738980000000026,16.21923000000004,16.479330000000004,3.885582,16.3581074,74.85531615000001,154.10380529824,0
7.2325,43.7276,35.79811640740093,226.46482849121094,1958-12-22 03:00:00,7.668100000000038,5.498900000000049,7.242940000000033,0.2188608,0.3615319670000053,14.128524806,150.609496506,0
7.2325,43.7276,35.79811640740093,226.46482849121094,2019-11-24 11:00:00,11.57310000000001,10.610220000000028,10.721030000000042,0.7491559,3.542557299999997,65.58050221,149.565949896,0
7.2412,43.8214,17.831099324149818,305.651611328125,2011-11-06 10:00:00,11.924950000000024,11.867639999999994,12.01266000000004,0.596337,5.901317999999998,77.10546604000001,167.01395036,0
7.2412,43.8214,17.831099324149818,305.651611328125,1957-12-14 00:00:00,4.375150000000019,4.282500000000027,5.666600000000017,0.030162744,0.2153255070000017,14.797550658578,163.631019688578,0
7.2412,43.8214,17.831099324149818,305.651611328125,1958-12-22 02:00:00,4.167470000000037,3.6049000000000433,5.28982000000002,0.054494478,0.1498460760000035,12.865226794999998,143.114930185,0
7.2412,43.8214,17.831099324149818,305.651611328125,2000-10-15 13:00:00,13.100180000000025,14.425200000000018,14.64285000000001,3.6459416,8.276998999999996,76.22623784,139.237831467725,0
7.2412,43.8214,17.831099324149818,305.651611328125,2010-11-02 16:00:00,12.17470000000003,11.31740000000002,10.69485000000003,0.16133487,0.8477419699999986,13.910534872,138.707436812,0
7.829,43.862,18.939729968041476,179.32867431640625,2016-11-25 04:00:00,9.605950000000009,10.321920000000034,11.162959999999998,1.8885657,14.921061299999982,166.9410277,215.7112859,0
7.829,43.862,18.939729968041476,179.32867431640625,1957-12-14 00:00:00,6.414200000000051,6.311800000000005,6.836500000000001,0.028865412,0.0890512020000013,21.5001366080063,169.1985237300063,0
7.829,43.862,18.939729968041476,179.32867431640625,2011-11-06 14:00:00,13.715000000000032,13.532860000000028,12.85662000000002,0.34290552,1.5566796199999842,95.38081323,164.52295740999998,0
7.829,43.862,18.939729968041476,179.32867431640625,1972-02-20 09:00:00,4.968560000000025,4.209900000000005,4.481040000000007,0.53942483,2.695764380000014,54.24018108,163.73755868,0
7.829,43.862,18.939729968041476,179.32867431640625,2008-12-16 15:00:00,5.238760000000013,4.652980000000014,5.252130000000022,1.0505319,5.521245299999985,57.62735375,149.97532199999998,0
8.1243,43.9266,30.515397210303977,22.822275161743164,2016-11-25 05:00:00,12.030240000000047,12.438800000000017,13.266380000000026,0.8600205000000001,6.193540999999987,156.13546580000002,215.280955723,0
8.1243,43.9266,30.515397210303977,22.822275161743164,2011-11-06 13:00:00,15.40844000000004,15.213099999999995,14.497900000000016,0.6214082,2.7731879999999878,92.51859794,164.804350745,0
8.1243,43.9266,30.515397210303977,22.822275161743164,1972-02-20 10:00:00,7.848050000000001,7.617600000000039,6.847560000000044,0.6977925,2.4182758999999887,51.15648169999999,164.72077796,0
8.1243,43.9266,30.515397210303977,22.822275161743164,1957-12-14 00:00:00,9.230600000000038,8.645780000000002,8.869700000000023,0.021444634,0.0506211070000017,23.070853052510294,153.8355311225103,0
8.1243,43.9266,30.515397210303977,22.822275161743164,2008-12-16 15:00:00,7.680170000000032,7.695950000000039,7.949400000000026,0.77590346,5.09705385999999,60.170743650000006,150.10940321,0
6.699,43.9585,32.14389626164883,671.0216064453125,2002-11-16 14:00:00,4.671469999999999,6.124840000000006,6.538229999999999,1.2191534000000002,10.66042459999999,49.70512886000002,162.0567984374,0
6.699,43.9585,32.14389626164883,671.0216064453125,1951-11-10 19:00:00,7.360500000000002,7.551420000000007,7.575900000000047,6.007418,17.9193316,72.8421555,160.7272290434227,0
6.699,43.9585,32.14389626164883,671.0216064453125,2011-11-06 10:00:00,7.712060000000008,8.041470000000004,8.266560000000027,0.67902356,6.29119955999998,47.77102575000004,145.74582877,0
6.699,43.9585,32.14389626164883,671.0216064453125,1994-01-08 12:00:00,1.928920000000005,0.4931300000000078,0.6558500000000436,0.12919305,0.3346130103999982,7.439750329850727,137.40932396405069,0
6.699,43.9585,32.14389626164883,671.0216064453125,1965-10-02 03:00:00,5.110250000000008,7.743740000000002,10.34480000000002,0.0052601099999999,0.0171959400000071,22.67063064100001,129.5875506237,0
9.9381,44.0928,29.7190204644769,56.45413589477539,1977-08-30 13:00:00,18.97976,19.49380000000002,18.68783000000002,1.6874308,3.566601299999977,34.7764372013,245.3334962463,0
9.9381,44.0928,29.7190204644769,56.45413589477539,1980-10-19 00:00:00,10.685969999999998,12.038100000000044,13.758200000000045,1.0290742,3.042161499999982,58.93982210000001,202.53971244,0
9.9381,44.0928,29.7190204644769,56.45413589477539,1951-11-10 06:00:00,14.319970000000012,13.823800000000006,14.16410000000002,0.3519207199999999,1.5246122800000004,12.132491861,191.641080631,0
9.9381,44.0928,29.7190204644769,56.45413589477539,2008-10-31 15:00:00,14.760640000000024,14.868250000000046,14.69160000000005,2.0540804,7.397919899999982,55.76256858,179.795576867,0
9.9381,44.0928,29.7190204644769,56.45413589477539,1969-11-14 16:00:00,14.67147,14.73574000000002,15.259299999999996,0.6978512,2.4575292999999885,77.54825414,171.56068208000002,0
10.127,44.0513,14.008801287043747,98.90286254882812,1977-08-30 13:00:00,18.05593000000005,18.66763000000003,17.855800000000045,2.8856182,4.881673459999985,51.156017081,231.814090496,0
10.127,44.0513,14.008801287043747,98.90286254882812,1980-10-18 19:00:00,9.902600000000009,11.430499999999997,12.97607000000005,2.152402,8.960049699999983,67.26239260000001,198.4296087,0
10.127,44.0513,14.008801287043747,98.90286254882812,1976-09-15 21:00:00,13.880700000000047,14.955380000000048,16.111050000000034,1.5412271000000002,5.781918699999993,25.45684928,191.71025309485,0
10.127,44.0513,14.008801287043747,98.90286254882812,1951-11-10 06:00:00,12.876599999999996,12.532770000000028,12.939480000000003,0.2776756999999999,0.9857267300000035,13.234477577000002,188.223216827,0
10.127,44.0513,14.008801287043747,98.90286254882812,2008-10-31 15:00:00,13.784080000000015,13.678800000000024,13.502160000000003,2.1404177,7.239073499999977,56.809613600000006,186.06026441,0
7.1583,44.1867,20.138816183387867,2016.6114501953125,2011-11-06 10:00:00,1.247220000000027,4.070760000000007,4.723600000000033,1.4246032,8.08661800000002,63.43299510000001,183.03821936,0
7.1583,44.1867,20.138816183387867,2016.6114501953125,2002-11-16 15:00:00,0.5075300000000311,3.264060000000029,3.5344800000000305,0.38392842,6.385974520000016,61.10860792,170.7184260075,0
7.1583,44.1867,20.138816183387867,2016.6114501953125,1972-02-20 09:00:00,-4.593939999999975,0.9774700000000394,1.1568200000000388,0.73468965,2.180854790000022,38.52290575000001,149.43353244,0
7.1583,44.1867,20.138816183387867,2016.6114501953125,1951-11-10 20:00:00,0.617460000000051,3.446130000000039,3.867940000000033,4.619807,15.342444300000006,68.52545375000001,149.08769390823932,0
7.1583,44.1867,20.138816183387867,2016.6114501953125,1976-10-27 01:00:00,-0.5719399999999837,4.726220000000012,4.939230000000009,0.81733614,3.587119240000018,56.90738164,148.18849181,0
9.6882,44.2408,3.911978613680915,285.0453186035156,1977-08-30 13:00:00,17.720000000000027,18.13833,17.265950000000032,1.4455710000000002,3.929087899999996,25.332111930084,235.054212934084,0
9.6882,44.2408,3.911978613680915,285.0453186035156,1980-10-18 21:00:00,9.582100000000024,10.551020000000053,12.385030000000029,0.9022951,6.419941599999998,62.9319026,206.79271229,0
9.6882,44.2408,3.911978613680915,285.0453186035156,1951-11-10 06:00:00,13.159800000000018,12.616750000000025,12.861350000000016,0.44299662,2.01881679,12.504119337,186.419014047,0
9.6882,44.2408,3.911978613680915,285.0453186035156,1969-11-14 16:00:00,13.206630000000018,13.247460000000046,13.933130000000006,0.84105134,2.15484204,69.51031846,183.16603498,0
9.6882,44.2408,3.911978613680915,285.0453186035156,2009-12-25 12:00:00,11.00997000000001,11.056150000000002,10.173900000000003,1.1874307,3.858201199999996,94.5043858,173.006024911,0
6.807628202,44.32688636,21.70075773478317,2707.783203125,2002-11-16 16:00:00,-1.5756599999999708,1.7952000000000226,1.924980000000005,0.012651086,2.628833085999998,56.14439048599999,164.9113400549,0
6.807628202,44.32688636,21.70075773478317,2707.783203125,2011-11-06 11:00:00,1.2014400000000478,3.488240000000019,3.8713000000000193,0.6951317,4.755601299999989,39.83522566,148.41221258,0
6.807628202,44.32688636,21.70075773478317,2707.783203125,1951-11-10 20:00:00,-0.4528599999999869,2.9949600000000487,3.1667700000000423,4.481986,16.5335536,71.67900105,146.2658012038299,0
6.807628202,44.32688636,21.70075773478317,2707.783203125,1994-01-07 18:00:00,-3.457920000000001,-0.96972999999997,-0.8513999999999555,0.053316355,1.005157835,74.91508493499998,137.54533234299998,0
6.807628202,44.32688636,21.70075773478317,2707.783203125,1991-09-30 15:00:00,7.8904,11.105430000000013,8.587000000000046,0.012040138,0.0418424599999991,44.40173136999999,131.215028054666,0
11.2603,44.3189,3.2962827729547,177.6022186279297,2004-07-27 11:00:00,20.726830000000007,21.892100000000028,20.45980000000003,0.37236512,2.9927790199999893,7.598236210600007,183.537459736431,0
11.2603,44.3189,3.2962827729547,177.6022186279297,1989-07-05 01:00:00,14.332120000000032,15.752370000000042,16.73272000000003,0.004010275,0.0515747819999838,22.797741014000003,164.0882119025,0
11.2603,44.3189,3.2962827729547,177.6022186279297,1994-06-13 23:00:00,11.082539999999996,12.260100000000024,13.314660000000003,0.29948354,0.7148236099999876,37.72048619,143.34046833000002,0
11.2603,44.3189,3.2962827729547,177.6022186279297,2024-09-20 02:00:00,12.941740000000038,14.236230000000036,15.659140000000036,0.255486,0.942531979999994,29.810767664,138.825285994,0
11.2603,44.3189,3.2962827729547,177.6022186279297,2023-05-17 08:00:00,10.406150000000023,11.072530000000029,11.470000000000027,3.6242008,11.501595399999994,102.909915,135.8832104701994,0
8.5282,44.4197,15.30330636641626,831.2889404296875,1977-10-09 06:00:00,14.019220000000018,14.05074000000002,14.491630000000043,2.9288009,9.103801200000015,52.386068084,256.635837784,0
8.5282,44.4197,15.30330636641626,831.2889404296875,1968-11-03 15:00:00,12.823480000000018,13.760500000000036,13.995870000000023,0.6700009,2.947219140000016,45.55921932300001,254.112488803,0
8.5282,44.4197,15.30330636641626,831.2889404296875,2006-09-16 23:00:00,17.232420000000047,17.047330000000045,18.23794000000004,0.13640523,0.8481740900000105,3.03681195247,225.18269070897,0
8.5282,44.4197,15.30330636641626,831.2889404296875,2011-11-06 09:00:00,13.399699999999996,12.545920000000024,12.34557000000001,1.2558922,6.697262600000013,91.21139939,222.66826211,0
8.5282,44.4197,15.30330636641626,831.2889404296875,1988-10-14 13:00:00,16.74550000000005,16.828880000000026,16.428200000000004,4.258722000000001,13.366833400000026,93.39205634,201.073061597,0
9.0563,44.3804,36.73368643819747,27.788524627685547,1977-10-09 06:00:00,15.999700000000018,15.23240000000004,15.565850000000012,2.0883605000000003,7.4644684999999775,53.80142120000001,231.69559214,0
9.0563,44.3804,36.73368643819747,27.788524627685547,1980-10-18 09:00:00,12.0745,12.561180000000036,13.462300000000027,1.3470054,5.483046299999977,39.626125470000005,218.26249899,0
9.0563,44.3804,36.73368643819747,27.788524627685547,2018-10-30 03:00:00,11.351130000000012,12.128500000000033,14.73240000000004,0.63905865,3.100279749999984,80.25463675000002,208.023537505,0
9.0563,44.3804,36.73368643819747,27.788524627685547,2002-11-26 15:00:00,13.865440000000037,13.397420000000013,13.072780000000025,1.1948794,5.194835299999984,87.2741828,197.05204357,0
9.0563,44.3804,36.73368643819747,27.788524627685547,2020-10-04 20:00:00,13.390340000000036,14.597620000000006,16.26083,2.227798,9.54413409999998,23.723796066710005,167.644526658771,0
8.9042,44.4979,8.653082885216158,92.0865249633789,1977-10-09 06:00:00,13.878600000000006,13.855430000000013,14.251400000000046,2.737157,9.58510859999999,51.64555826,258.71298736,0
8.9042,44.4979,8.653082885216158,92.0865249633789,2002-11-26 16:00:00,10.244600000000048,10.540369999999996,10.721150000000025,0.9637773,4.556015099999978,95.1446777,225.744571848,0
8.9042,44.4979,8.653082885216158,92.0865249633789,1980-10-18 09:00:00,11.203400000000045,11.694000000000017,12.17324000000002,0.7453114000000001,2.49864162999999,21.851915832000007,214.969068022,0
8.9042,44.4979,8.653082885216158,92.0865249633789,2018-10-30 03:00:00,9.48004000000003,11.056240000000004,13.556600000000005,0.29497966,1.299705359999975,86.35566336000001,212.68302562,0
8.9042,44.4979,8.653082885216158,92.0865249633789,2011-11-06 10:00:00,14.139800000000037,12.916470000000004,12.555630000000008,0.20697713,3.803337829999974,47.15321101000001,188.10816397,0
7.6639,44.6467,2.0199384643729634,314.1044921875,1981-04-01 23:00:00,8.582420000000013,8.411600000000021,8.549770000000024,1.928091,6.135359499999998,95.1346609,232.30899575,0
7.6639,44.6467,2.0199384643729634,314.1044921875,2016-11-25 08:00:00,8.911770000000047,8.553120000000035,8.69894000000005,0.3792867,3.887787499999997,140.38145939999998,212.04675286,0
7.6639,44.6467,2.0199384643729634,314.1044921875,2006-09-16 13:00:00,17.460350000000005,17.707600000000014,16.94586000000004,0.17395616,1.9342079599999944,37.83692978999999,188.8304505479,0
7.6639,44.6467,2.0199384643729634,314.1044921875,1972-02-20 08:00:00,1.1712300000000369,3.798969999999997,3.946799999999996,0.74536353,3.5677552299999964,54.67219653,177.01346673,0
7.6639,44.6467,2.0199384643729634,314.1044921875,2008-12-16 22:00:00,3.044640000000016,5.8120400000000245,6.07534000000004,0.5456656,2.003993839999993,61.93870684,174.84018977999995,0
7.1526,44.8098,35.79010060130011,727.2167358398438,1981-04-01 21:00:00,3.491480000000024,2.494650000000036,2.32928000000004,2.5225282,7.689789099999986,96.3466537,241.80115353,0
7.1526,44.8098,35.79010060130011,727.2167358398438,2016-11-25 11:00:00,2.6774200000000405,3.880580000000009,4.315030000000036,0.8730665,2.9402822,136.67507049999998,236.16437905,0
7.1526,44.8098,35.79010060130011,727.2167358398438,2000-10-16 12:00:00,6.788540000000012,8.52940000000001,8.778440000000046,1.2496412,4.164926799999986,49.17853712999999,228.31237562,0
7.1526,44.8098,35.79010060130011,727.2167358398438,1962-11-08 07:00:00,4.273030000000006,4.849480000000028,5.272820000000024,3.495101,16.895447299999997,114.8186439,193.312251266,0
7.1526,44.8098,35.79010060130011,727.2167358398438,2006-09-16 12:00:00,14.598749999999995,15.37545,13.17455000000001,0.055223703,0.2338662729999893,43.30449557299999,193.078763959,0
9.2635,45.0664,0.6931509119608248,85.65765380859375,1963-05-16 22:00:00,11.65640000000002,11.759820000000047,12.75613000000004,0.0,0.0030547380699911,35.858545456369995,123.628105940221,0
9.2635,45.0664,0.6931509119608248,85.65765380859375,2010-05-05 16:00:00,13.715540000000033,14.174200000000042,14.30883,3.431514,22.811927,89.99733627,118.8726674887,0
9.2635,45.0664,0.6931509119608248,85.65765380859375,2002-07-15 19:00:00,18.368920000000003,19.00150000000002,19.93478000000005,0.060498714,9.090483113999996,76.30937316699999,112.5444315507,0
9.2635,45.0664,0.6931509119608248,85.65765380859375,1975-05-06 21:00:00,11.295740000000023,11.355920000000026,11.962120000000027,1.8727779,5.294127299999987,34.44769237999999,109.75754091,0
9.2635,45.0664,0.6931509119608248,85.65765380859375,1966-09-18 19:00:00,17.12142,17.896569999999997,18.56442000000004,0.0061127357,0.3770710856999951,7.857617904699994,109.0868539677,0
6.5319,45.3401,22.458086202825317,1717.908447265625,1990-02-15 16:00:00,-0.6662999999999784,-0.9892299999999636,-0.8492999999999711,1.6637594,6.954006900000032,49.2978842,162.65568929,0
6.5319,45.3401,22.458086202825317,1717.908447265625,1981-12-16 16:00:00,-3.273399999999981,-0.9121999999999844,-0.7800699999999665,1.3195127,4.542619000000025,49.5040158,127.7941559,0
6.5319,45.3401,22.458086202825317,1717.908447265625,1968-12-26 02:00:00,-1.5576999999999543,0.5159500000000321,0.6917400000000384,1.1596987,5.462018800000024,49.5389345,126.46125833,0
6.5319,45.3401,22.458086202825317,1717.908447265625,1955-01-14 04:00:00,-1.05559999999997,-0.751199999999983,-0.6155999999999722,0.7504261999999999,4.002836500000011,34.75571056,123.70269342,0
6.5319,45.3401,22.458086202825317,1717.908447265625,1983-11-29 05:00:00,-5.702599999999961,-0.4400999999999726,-0.3784999999999741,0.10704249,0.6682276700000276,23.09681838,123.09647293000002,0
6.7124,45.3917,25.034952432019484,1372.7294921875,1990-02-15 16:00:00,-2.6389499999999657,-1.2118999999999571,-1.0973599999999806,1.3177991,5.693368600000017,52.03469090000001,166.84193125000002,0
6.7124,45.3917,25.034952432019484,1372.7294921875,2000-10-16 03:00:00,-1.4435199999999782,3.5829700000000457,3.772850000000005,0.46101585,3.181558050000012,51.36127775,143.59134842999998,0
6.7124,45.3917,25.034952432019484,1372.7294921875,1968-12-26 01:00:00,-3.6145399999999768,0.184720000000027,0.3460300000000416,1.951756,6.977992200000006,51.2309624,128.88111777,0
6.7124,45.3917,25.034952432019484,1372.7294921875,1990-03-01 11:00:00,-6.023719999999969,-1.1447799999999688,-1.0079399999999623,0.72690845,3.7305765500000168,41.96353735000001,120.53849547,0
6.7124,45.3917,25.034952432019484,1372.7294921875,1955-02-10 17:00:00,-10.245119999999986,-1.1481999999999744,-0.9975299999999834,0.4187971399999999,2.471230900000004,12.905790380000004,120.23499258,0
8.0499,45.576,24.96933262867289,484.0133972167969,1977-10-09 10:00:00,11.92294000000004,11.291280000000029,10.149100000000033,1.3825074,5.369670699999995,121.5128331,372.2852378,0
8.0499,45.576,24.96933262867289,484.0133972167969,1968-11-03 18:00:00,7.07955000000004,8.221000000000004,9.127900000000013,1.0828674,3.980986799999989,92.73709319,312.33282986,0
8.0499,45.576,24.96933262867289,484.0133972167969,2000-10-16 09:00:00,6.365000000000009,7.949060000000031,9.248860000000036,3.4691244,9.206861399999994,97.680356,311.4502117,0
8.0499,45.576,24.96933262867289,484.0133972167969,1994-11-06 17:00:00,6.94912000000005,7.136130000000037,7.675470000000018,1.077339,6.308957899999993,154.4702363,308.03046149,0
8.0499,45.576,24.96933262867289,484.0133972167969,1993-09-25 01:00:00,10.53848000000005,10.858270000000005,12.569000000000017,0.06616488,0.7537640599999947,145.70494416,256.30274624000003,0
13.8002,45.6621,20.26618025557832,137.26522827148438,1973-09-27 08:00:00,11.775840000000017,11.907500000000027,13.39530000000002,1.7554611,4.308342899999984,34.57103241000001,262.58651608080004,0
13.8002,45.6621,20.26618025557832,137.26522827148438,1993-08-28 02:00:00,16.79684000000003,17.746700000000033,19.02290000000005,1.8232483,12.57477329999998,51.96143306359072,193.2808613214507,0
13.8002,45.6621,20.26618025557832,137.26522827148438,2010-09-19 08:00:00,12.822170000000028,12.51583000000005,14.331230000000003,0.15234947,2.081193069999983,72.10882047000001,190.130068482,0
13.8002,45.6621,20.26618025557832,137.26522827148438,2014-11-08 15:00:00,13.834500000000048,13.569119999999998,13.97890000000001,0.76656044,3.169029939999983,40.69388124000001,161.52235765999998,0
13.8002,45.6621,20.26618025557832,137.26522827148438,1969-08-24 18:00:00,16.516750000000002,17.013540000000035,17.87957,2.7003735,9.580779699999988,49.08046213400001,154.22358260399997,0
6.5662,45.8358,3.9054927302687052,1015.4635009765625,1990-02-15 16:00:00,-0.1506699999999909,-1.1103299999999765,-1.0192299999999932,1.0173023,6.172299399999996,60.115617100000016,179.55856822,0
6.5662,45.8358,3.9054927302687052,1015.4635009765625,1983-11-29 04:00:00,-4.670749999999998,-0.207619999999963,-0.2090499999999906,0.5688742,2.277810169999994,39.84498237000002,160.29623897,0
6.5662,45.8358,3.9054927302687052,1015.4635009765625,1955-01-14 04:00:00,-0.3974000000000046,-0.5851799999999798,-0.4788999999999532,1.4912803,5.315912000000004,45.01250755,157.26102534999998,0
6.5662,45.8358,3.9054927302687052,1015.4635009765625,1981-12-16 18:00:00,-3.623499999999978,-0.6373699999999758,-0.5183799999999792,1.7258413,5.493152899999993,57.97486930000001,144.46691317,0
6.5662,45.8358,3.9054927302687052,1015.4635009765625,1968-12-26 00:00:00,-1.2941999999999894,-0.0073600000000055,0.1175200000000131,2.182588,7.402390299999996,56.47252850000001,136.68812468000002,0
7.376,45.7513,29.565915243119417,731.72607421875,2000-10-15 22:00:00,2.360500000000002,4.292300000000012,4.50427000000002,1.530379,5.311548700000007,96.7711348,209.12705645,0
7.376,45.7513,29.565915243119417,731.72607421875,1977-10-10 06:00:00,4.320100000000025,3.755880000000048,3.969320000000039,1.5134066,5.303759200000007,33.35732805,189.52511772,0
7.376,45.7513,29.565915243119417,731.72607421875,1993-09-25 02:00:00,7.831140000000005,7.270620000000008,8.63748000000004,0.17204508,1.2113451800000123,89.06294761999999,165.47431548999998,0
7.376,45.7513,29.565915243119417,731.72607421875,1994-11-06 18:00:00,2.7623500000000263,2.936900000000037,3.027150000000006,0.3658682,2.109736150000011,98.66046875,164.24710201,0
7.376,45.7513,29.565915243119417,731.72607421875,1962-11-08 10:00:00,1.77346,0.1112600000000156,0.3091699999999946,2.7825534,14.011453700000006,84.6754312,155.14855225,0
6.7933,45.8892,23.38903839159291,1021.8928833007812,1990-02-15 16:00:00,-2.191699999999969,-1.3349399999999605,-1.2438399999999774,0.94955415,5.94653195000002,64.56872434999998,187.83540336,0
6.7933,45.8892,23.38903839159291,1021.8928833007812,1983-11-29 04:00:00,-7.524270000000001,-0.9126999999999724,-0.8555399999999622,0.51722303,2.223098690000016,42.25413868999999,167.02737652000002,0
6.7933,45.8892,23.38903839159291,1021.8928833007812,1955-01-14 04:00:00,-2.2059999999999604,-1.2355699999999956,-1.1409999999999627,1.4257878,4.746126999999994,46.1808724,166.39435840000002,0
6.7933,45.8892,23.38903839159291,1021.8928833007812,1981-12-16 18:00:00,-6.471169999999972,-0.8971300000000042,-0.7742399999999634,2.014745,6.834868400000014,67.8033473,160.27893790000002,0
6.7933,45.8892,23.38903839159291,1021.8928833007812,1991-12-22 23:00:00,0.1230000000000473,-0.917759999999987,-0.743569999999977,0.11353195,0.2768635760000177,50.58965880599999,145.515527911,0
6.8935,45.8737,13.353571266989265,3475.74853515625,1990-02-15 16:00:00,-3.810829999999953,-1.4325999999999794,-1.3414999999999964,0.8812323,5.603924400000011,63.3272714,183.51816334,0
6.8935,45.8737,13.353571266989265,3475.74853515625,1955-01-14 04:00:00,-3.864199999999983,-1.4132999999999925,-1.320699999999988,1.3761651,5.005210600000007,45.3965404,159.3832037,0
6.8935,45.8737,13.353571266989265,3475.74853515625,1983-11-29 04:00:00,-9.262549999999976,-1.244730000000004,-1.154359999999997,0.47846884,2.008352440000017,39.14782414,159.09944548,0
6.8935,45.8737,13.353571266989265,3475.74853515625,1981-12-16 18:00:00,-8.69381999999996,-0.9010399999999664,-0.7722799999999665,1.9252487,6.670508500000015,65.7305659,154.81299823,0
6.8935,45.8737,13.353571266989265,3475.74853515625,1991-12-23 00:00:00,-1.201120000000003,-1.035439999999994,-0.8828999999999496,0.08369982,0.2637803540000097,47.212444094000006,142.940830234,0
8.5968,45.9,20.376783720856285,201.39990234375,2018-10-30 00:00:00,9.40450000000004,10.800260000000035,12.148200000000031,4.8693568,16.229137799999975,119.3437278,324.6808803,0
8.5968,45.9,20.376783720856285,201.39990234375,1987-07-19 09:00:00,16.502920000000017,17.454430000000002,17.57620000000003,0.8153012000000001,2.6564318599999823,111.39984776,311.74702559,0
8.5968,45.9,20.376783720856285,201.39990234375,1979-10-17 02:00:00,11.89602000000002,12.581260000000045,13.04507000000001,6.0263723,18.8269427,100.96890459999996,297.7952283,0
8.5968,45.9,20.376783720856285,201.39990234375,2002-11-17 05:00:00,8.042570000000012,8.523130000000037,9.085570000000018,1.3122112,3.7268475999999753,76.7687335,293.4606484,0
8.5968,45.9,20.376783720856285,201.39990234375,1977-10-09 06:00:00,12.030940000000044,11.943320000000028,12.604900000000043,2.475597,7.796112499999992,97.7054539,293.1695848,0
7.2083,45.9547,1.3994699887898194,1612.3719482421875,1990-02-15 16:00:00,-3.939729999999997,-1.719699999999989,-1.601259999999968,0.6861985,4.407569799999997,55.38284760000001,160.51479375000002,0
7.2083,45.9547,1.3994699887898194,1612.3719482421875,1977-10-10 07:00:00,-0.237829999999974,1.3221000000000345,1.4441800000000171,0.82273036,3.991339360000002,32.88246132,136.19943004,0
7.2083,45.9547,1.3994699887898194,1612.3719482421875,1991-12-23 00:00:00,-1.5428999999999746,-1.2561399999999594,-1.0548000000000002,0.14953315,0.3045052299999991,50.40430308000001,132.63176056,0
7.2083,45.9547,1.3994699887898194,1612.3719482421875,1983-11-29 04:00:00,-9.403169999999989,-1.520119999999963,-1.3906999999999812,0.4414059199999999,1.6303565400000026,31.227499250000008,130.68607449,0
7.2083,45.9547,1.3994699887898194,1612.3719482421875,1955-01-14 05:00:00,-4.496799999999951,-1.7520999999999844,-1.6338999999999828,1.1436827,4.5749396,38.75113286,129.51593856,0
8.8353,46.0155,28.74411459519808,645.4491577148438,2018-10-30 01:00:00,7.934600000000046,9.841850000000022,11.430700000000002,2.32476,11.624381000000026,98.4036494,288.2123994,0
8.8353,46.0155,28.74411459519808,645.4491577148438,2002-11-17 05:00:00,7.880460000000028,8.07000000000005,8.597280000000012,0.8829534,2.4480111800000346,71.60994428,270.09526608,0
8.8353,46.0155,28.74411459519808,645.4491577148438,1987-07-19 11:00:00,17.463130000000035,18.25698,16.96320000000003,1.2565702,5.069119800000018,97.9200732,268.98442436,0
8.8353,46.0155,28.74411459519808,645.4491577148438,1979-10-17 03:00:00,11.100600000000044,11.84585000000004,12.361300000000028,5.492989000000001,18.99821310000002,85.4288303,252.4916415,0
8.8353,46.0155,28.74411459519808,645.4491577148438,1993-10-08 22:00:00,10.266080000000043,11.19344000000001,11.980200000000025,2.6576966,10.126188400000036,121.6754467,240.66167785,0
8.98,45.97,36.27819176076116,539.6371459960938,2018-10-30 01:00:00,7.065449999999999,9.115300000000047,10.831080000000044,2.3662318,9.330140500000011,83.40227286,249.6124787,0
8.98,45.97,36.27819176076116,539.6371459960938,2002-11-17 00:00:00,8.376860000000022,8.04260000000005,8.2774,0.56116283,1.5346854800000036,72.52721481,223.62861689,0
8.98,45.97,36.27819176076116,539.6371459960938,2023-08-28 22:00:00,11.73010000000005,13.719930000000032,16.47317000000004,0.23986399,1.080870620000008,70.94189582000001,221.523762334,0
8.98,45.97,36.27819176076116,539.6371459960938,1991-10-01 10:00:00,15.118200000000002,15.934050000000012,13.649800000000027,0.001206994,0.0013113021310053,42.338840710121005,212.142494779321,0
8.98,45.97,36.27819176076116,539.6371459960938,1993-10-08 22:00:00,10.19380000000001,11.025480000000016,11.568080000000007,1.8990934,7.256940000000009,97.6702275,203.8003175,0
9.2386,45.97,15.283537360168799,269.0129699707031,2018-10-30 01:00:00,6.954130000000021,8.86334000000005,10.514670000000024,2.9121768,11.629311499999949,83.75010639999999,252.34106736,0
9.2386,45.97,15.283537360168799,269.0129699707031,2023-08-28 17:00:00,13.85092000000003,15.849150000000009,17.569000000000017,0.6993115000000001,2.057403359999953,68.63014439999999,220.5951654683,0
9.2386,45.97,15.283537360168799,269.0129699707031,1979-10-17 06:00:00,10.519370000000038,11.09026,11.501250000000027,2.794072,14.195661999999984,77.76470820000002,216.24202996,0
9.2386,45.97,15.283537360168799,269.0129699707031,2002-11-16 23:00:00,7.849330000000009,7.700600000000008,7.948400000000049,0.26667118,1.3727247499999644,74.46971525,215.56211697,0
9.2386,45.97,15.283537360168799,269.0129699707031,1991-10-01 11:00:00,15.680499999999997,16.622950000000003,13.770320000000028,0.043973327,0.1576915349999786,36.28676407030999,207.05583426031,0
9.2572,46.0161,0.0,197.0,2018-10-30 02:00:00,6.454679999999996,8.528770000000009,10.283600000000035,1.8956624,9.58690050000001,84.86613563999998,253.56851388,0
9.2572,46.0161,0.0,197.0,1979-10-17 06:00:00,10.576000000000022,11.09417000000002,11.45046000000002,3.378652,16.833611000000005,81.13538129999998,224.51494348,0
9.2572,46.0161,0.0,197.0,2023-08-28 17:00:00,14.079430000000002,16.210470000000043,17.83853000000005,0.636816,1.8486976000000015,63.59018329999999,219.4431431093,0
9.2572,46.0161,0.0,197.0,1987-07-19 14:00:00,17.281949999999995,19.813000000000045,17.602800000000002,2.6394501,8.655577800000007,92.9959896,214.22148582,0
9.2572,46.0161,0.0,197.0,2002-11-16 23:00:00,7.464560000000006,7.42715000000004,7.749170000000049,0.21207333,1.1776685600000034,74.60561356,211.56051422,0
9.4,45.9835,29.209844601086576,725.392333984375,2018-10-30 02:00:00,5.120699999999999,7.403770000000009,9.213279999999996,1.9307658,9.82151200000005,83.95219646999998,252.22392807,0
9.4,45.9835,29.209844601086576,725.392333984375,1979-10-17 06:00:00,9.638500000000022,10.158620000000042,10.434840000000008,3.9746985,18.761091500000006,83.37757429999998,227.17497995,0
9.4,45.9835,29.209844601086576,725.392333984375,1987-07-19 14:00:00,16.008500000000026,18.3716,16.321560000000034,3.231652,10.183908000000017,96.92620189999998,216.83160266,0
9.4,45.9835,29.209844601086576,725.392333984375,2023-08-28 17:00:00,13.434900000000027,15.335470000000043,16.87954000000002,0.5358904600000001,1.559644910000047,60.70835865999999,211.99272572596,0
9.4,45.9835,29.209844601086576,725.392333984375,2002-11-16 21:00:00,6.82394000000005,6.686900000000037,6.774040000000014,0.66781044,4.42710514000003,79.29546724,207.63643702,0
7.4654,46.1013,50.97484787550774,2684.5126953125,1977-10-10 07:00:00,-1.2182999999999993,1.2400800000000345,1.2703500000000076,1.6627535,7.397148700000001,37.83967538,169.76597242,0
7.4654,46.1013,50.97484787550774,2684.5126953125,2000-10-15 23:00:00,-0.0221599999999853,1.4793999999999985,1.5579200000000242,0.9849072,3.8136243999999935,77.44361470000001,169.73185186,0
7.4654,46.1013,50.97484787550774,2684.5126953125,1968-11-04 17:00:00,-3.689919999999972,0.5430500000000507,0.575649999999996,1.0502934,4.1900127000000005,25.35560721,141.73695448,0
7.4654,46.1013,50.97484787550774,2684.5126953125,1990-02-15 19:00:00,-7.5574399999999855,-2.4144000000000005,-2.3448999999999955,0.33023953,0.8912831500000018,39.50043038000001,138.22878189000002,0
7.4654,46.1013,50.97484787550774,2684.5126953125,1993-09-26 01:00:00,-3.3680200000000013,0.684470000000033,2.844500000000039,0.3274288,0.9939037199999964,11.084124440000007,134.98540092,0
9.4192,46.0539,37.94493248902472,962.5286254882812,2018-10-30 02:00:00,5.11483000000004,7.046350000000018,8.66055,1.5086159,7.986135800000026,70.08077576000001,222.23000995,0
9.4192,46.0539,37.94493248902472,962.5286254882812,2002-11-16 23:00:00,5.720420000000047,5.7826200000000085,6.106600000000015,0.22912025,1.2049078900000176,71.41840419,199.95708507,0
9.4192,46.0539,37.94493248902472,962.5286254882812,1979-10-17 06:00:00,9.322100000000034,9.664480000000026,9.960230000000024,3.3202097,16.154188700000006,71.0797645,191.23736794,0
9.4192,46.0539,37.94493248902472,962.5286254882812,1987-07-19 14:00:00,15.543660000000044,16.869650000000036,15.362570000000003,2.9518083,9.215479600000007,91.5546454,190.48180501,0
9.4192,46.0539,37.94493248902472,962.5286254882812,1991-10-01 11:00:00,14.655100000000004,14.788960000000031,12.030079999999998,0.05299598,0.1667663460000035,27.47265977610001,185.8996194361,0
7.4086,46.1906,31.584157792828258,937.6505737304688,1990-02-15 19:00:00,-4.133600000000001,-1.37143999999995,-1.2276999999999705,0.53839386,1.4415234299999966,41.86221953000002,144.58186157000003,0
7.4086,46.1906,31.584157792828258,937.6505737304688,1991-12-23 01:00:00,0.895650000000046,-0.7424699999999689,-0.5025999999999726,0.105938874,0.288329084,50.59153674700002,133.862494557,0
7.4086,46.1906,31.584157792828258,937.6505737304688,1977-10-10 08:00:00,2.276100000000042,3.613730000000032,4.1812700000000405,0.9107217,4.981905199999996,36.46227526000001,130.36567616,0
7.4086,46.1906,31.584157792828258,937.6505737304688,1981-12-16 19:00:00,-5.079439999999977,-0.5171299999999519,-0.3474499999999807,1.6136467,6.030443999999995,52.774781200000014,122.01853471,0
7.4086,46.1906,31.584157792828258,937.6505737304688,1983-11-29 05:00:00,-5.9799600000000055,-0.914699999999982,-0.796449999999993,0.25676936,1.520428819999997,34.30257012000002,120.90858822,0
7.5449,46.1905,27.018675406332157,2475.763671875,1977-10-10 07:00:00,1.4399000000000228,3.345540000000028,3.9949600000000487,1.7298311000000002,7.863584900000006,36.70883744,144.75642932,0
7.5449,46.1905,27.018675406332157,2475.763671875,1990-02-15 19:00:00,-4.809399999999982,-1.3304200000000037,-1.161299999999983,0.45832992,1.2635886600000137,41.67254256,142.17551858000002,0
7.5449,46.1905,27.018675406332157,2475.763671875,1968-11-04 20:00:00,-0.6891200000000026,2.625879999999995,2.7730700000000184,0.51409006,1.898497330000004,26.06624379,135.07352542,0
7.5449,46.1905,27.018675406332157,2475.763671875,2000-10-15 22:00:00,3.5851000000000117,3.106740000000002,3.62927000000002,1.014471,3.786798500000004,67.97286820000001,134.45848583,0
7.5449,46.1905,27.018675406332157,2475.763671875,1991-12-23 01:00:00,0.4737800000000334,-0.681919999999991,-0.3912699999999631,0.11601299,0.3258660400000142,52.458346184,133.960144144,0
7.61990403,46.28376389,46.84055789723862,1014.325439453125,1990-02-15 19:00:00,-3.4695499999999697,-1.1936999999999784,-1.0206699999999955,0.54325163,1.6309469699999877,44.47071267,148.07761559,0
7.61990403,46.28376389,46.84055789723862,1014.325439453125,1991-12-23 01:00:00,0.6905800000000113,-0.6545799999999531,-0.3873699999999758,0.112177804,0.3263372929999866,56.967601509,141.61417807900003,0
7.61990403,46.28376389,46.84055789723862,1014.325439453125,1977-10-10 07:00:00,2.0317000000000007,3.0213300000000345,4.219570000000033,1.8393025,8.479900699999995,34.42425472,136.94991963,0
7.61990403,46.28376389,46.84055789723862,1014.325439453125,1968-11-04 20:00:00,-0.1969399999999836,2.971580000000017,3.0836000000000467,0.46153367,1.8337965199999955,24.02405438,135.59894093,0
7.61990403,46.28376389,46.84055789723862,1014.325439453125,2020-10-05 02:00:00,0.8495000000000346,5.455600000000004,5.844100000000026,0.38573518,2.9442384299999875,12.614771638899992,130.2377018919,0
9.595744348,46.29694459,54.31426908089816,2788.71728515625,2002-11-16 22:00:00,0.86456000000004,0.2766700000000242,0.4121600000000285,0.38774312,3.0906945200000018,71.36616112,193.53430614,0
9.595744348,46.29694459,54.31426908089816,2788.71728515625,2018-10-30 01:00:00,-0.8505599999999731,5.023500000000013,5.5674000000000206,2.4063196,8.759787299999996,52.163088456,185.085011096,0
9.595744348,46.29694459,54.31426908089816,2788.71728515625,2014-11-06 18:00:00,0.5021600000000035,3.261600000000044,3.478850000000022,1.200527,2.221107520000001,27.43793551,157.41428925,0
9.595744348,46.29694459,54.31426908089816,2788.71728515625,1991-10-01 12:00:00,10.002949999999998,11.264730000000045,7.551080000000013,0.038273633,0.1085400590000017,16.510754917280003,155.71964212728,0
9.595744348,46.29694459,54.31426908089816,2788.71728515625,1996-11-14 16:00:00,-1.185699999999997,0.6132800000000316,0.7823999999999955,0.865221,3.416508400000008,69.2478973,152.04559235,0
11.2315,46.3291,32.82867757763337,467.53436279296875,2018-10-30 05:00:00,5.532370000000014,6.287230000000022,7.853420000000028,0.49943477,1.7103813599999946,81.39089524,185.374134184,0
11.2315,46.3291,32.82867757763337,467.53436279296875,2020-12-07 12:00:00,1.4324300000000108,-0.3971300000000042,-0.1519199999999614,1.6340017,4.178821999999992,39.041815197000005,160.362844397,0
11.2315,46.3291,32.82867757763337,467.53436279296875,1966-11-06 05:00:00,3.6668600000000415,4.630580000000009,4.949880000000007,0.3689602,1.26717985,15.481663935,148.082843805,0
11.2315,46.3291,32.82867757763337,467.53436279296875,1960-09-20 00:00:00,12.10990000000004,11.322260000000028,12.104100000000017,2.7900636,15.285134300000005,58.01281400300001,137.61478328799998,0
11.2315,46.3291,32.82867757763337,467.53436279296875,2019-11-17 21:00:00,2.025000000000034,5.929280000000006,6.0780300000000125,0.2142191,1.7849095599999938,56.754786540000005,136.96441091269998,0
6.9932,46.4093,61.24036353627149,1813.9207763671875,1990-02-15 18:00:00,0.2878000000000043,-0.9418699999999944,-0.8680200000000013,0.3977418,1.665212220000006,42.621150570000005,130.29515085,0
6.9932,46.4093,61.24036353627149,1813.9207763671875,2021-07-15 13:00:00,11.570150000000012,11.377220000000024,10.869960000000049,0.6568432,2.5352090600000032,35.31029261999999,124.06801737370004,0
6.9932,46.4093,61.24036353627149,1813.9207763671875,2005-08-23 00:00:00,10.24630000000002,10.80068,11.193399999999995,1.1111498,3.507405500000017,52.1617232,123.34526316000002,0
6.9932,46.4093,61.24036353627149,1813.9207763671875,1983-11-29 04:00:00,-1.5183999999999855,1.77090000000004,1.8260999999999967,0.5940236000000001,2.2323168600000045,33.03320706,116.08538013,0
6.9932,46.4093,61.24036353627149,1813.9207763671875,1977-08-01 01:00:00,9.247400000000027,10.20458000000002,10.980800000000045,0.7464140699999999,2.2580474400000043,73.06643354,115.140866875,0
6.7208,46.4885,15.71511144870945,413.90411376953125,1990-02-15 13:00:00,7.858940000000018,6.064540000000022,5.302450000000022,3.1750463,9.892411499999977,47.80480275000001,111.09324365,0
6.7208,46.4885,15.71511144870945,413.90411376953125,2007-08-09 19:00:00,10.530730000000004,17.75027,18.310500000000047,0.37136674,2.7204453399999835,55.56857574,108.786211771,0
6.7208,46.4885,15.71511144870945,413.90411376953125,1978-08-09 15:00:00,14.31722000000002,18.856840000000037,18.22738000000004,0.15030801,0.824674969999984,7.206276039999998,101.19062358,0
6.7208,46.4885,15.71511144870945,413.90411376953125,1954-08-22 23:00:00,12.934529999999995,16.74236000000002,17.477700000000027,0.09816885,0.1121759414999955,42.5013698055,95.6970308567,0
6.7208,46.4885,15.71511144870945,413.90411376953125,2010-08-17 03:00:00,14.10256000000004,17.107169999999996,17.39056000000005,0.08001551,0.7089152899999843,18.600113569999998,94.69272968,0
7.2253,46.4873,9.485215944277526,1010.137939453125,2005-08-23 04:00:00,7.545900000000017,8.413720000000012,9.05206000000004,1.1066683,4.4620279000000025,66.835918,149.36978421,0
7.2253,46.4873,9.485215944277526,1010.137939453125,1990-02-15 19:00:00,-2.1511999999999603,-1.4085399999999595,-1.331199999999967,0.53195655,1.893118050000009,44.90259301,136.22335353,0
7.2253,46.4873,9.485215944277526,1010.137939453125,2021-07-15 13:00:00,10.158040000000028,9.72488000000004,8.951999999999998,0.6889254,2.984940999999994,40.660390690000014,134.80008755322498,0
7.2253,46.4873,9.485215944277526,1010.137939453125,1991-12-23 01:00:00,1.7139999999999986,0.0212000000000216,0.1985700000000179,0.08209888,0.1844996590000044,49.14912120900001,123.286249219,0
7.2253,46.4873,9.485215944277526,1010.137939453125,1983-11-29 03:00:00,-4.197999999999979,0.4297700000000191,0.4899000000000342,0.7446967,3.100421230000011,39.93005853,122.9493318,0
12.132183,46.539613,5.953274795724094,1204.4844970703125,2020-12-07 13:00:00,-3.37894,-0.695039999999949,-0.4646999999999934,1.0668784,2.6474892600000137,54.488591670000005,237.38008831,0
12.132183,46.539613,5.953274795724094,1204.4844970703125,1965-09-03 10:00:00,6.992400000000032,7.953580000000045,8.396500000000003,0.6974712000000001,4.533857099999994,74.17456436999998,214.92818151,0
12.132183,46.539613,5.953274795724094,1204.4844970703125,2018-10-30 07:00:00,-0.107370000000003,3.3401700000000005,5.0429600000000505,0.8967518999999999,2.731420070000007,100.04988227,197.2673118273,0
12.132183,46.539613,5.953274795724094,1204.4844970703125,1966-11-06 06:00:00,-0.1258299999999508,4.21908000000002,4.346860000000049,0.22809952,0.9168125699999964,10.247675669999996,193.24760569,0
12.132183,46.539613,5.953274795724094,1204.4844970703125,2019-11-17 22:00:00,-0.821049999999957,5.189170000000047,5.311360000000036,0.43281913,2.1426379800000124,81.95306358,176.540787632,0
12.2186,46.4891,69.87971035865372,2178.867919921875,2020-12-07 14:00:00,-3.21823999999998,-0.7182999999999993,-0.5197799999999688,0.7535517,2.904221399999992,52.869416800000025,249.8794506,0
12.2186,46.4891,69.87971035865372,2178.867919921875,1965-09-03 09:00:00,7.229759999999999,8.329980000000035,8.986300000000028,1.6011521,6.308939199999993,80.46962690000001,224.372848445,0
12.2186,46.4891,69.87971035865372,2178.867919921875,2018-10-30 05:00:00,0.6514999999999986,3.705200000000048,5.7577,0.82506984,4.265058739999995,103.29453630000002,202.4582434633,0
12.2186,46.4891,69.87971035865372,2178.867919921875,1966-11-06 06:00:00,0.2374500000000239,4.713220000000035,4.846860000000049,0.23551285,0.9584799299999928,10.734414560000005,199.40942995,0
12.2186,46.4891,69.87971035865372,2178.867919921875,2019-11-17 23:00:00,-0.5425799999999867,5.629999999999996,5.759270000000015,0.4246532999999999,2.0366608999999944,84.10941040000003,182.558614603,0
6.852,46.7191,0.7460813399953974,482.99249267578125,2010-08-17 04:00:00,12.233670000000018,11.801660000000028,12.628530000000012,0.029578805,0.4135984949999951,17.315551684999992,99.465236009,0
6.852,46.7191,0.7460813399953974,482.99249267578125,1978-08-09 16:00:00,13.247830000000022,14.45034000000004,13.112700000000018,0.1656413099999999,0.7092803600000035,5.745157601000002,99.372979481,0
6.852,46.7191,0.7460813399953974,482.99249267578125,2007-08-09 18:00:00,9.959680000000048,11.689660000000003,13.014800000000037,0.9891093,3.345161599999994,57.5375555,99.0539348183,0
6.852,46.7191,0.7460813399953974,482.99249267578125,1990-02-16 17:00:00,4.16464000000002,1.6019000000000003,1.3205200000000443,0.8453838499999999,2.7836207000000077,11.084332032700004,96.1542351927,0
6.852,46.7191,0.7460813399953974,482.99249267578125,2021-07-15 15:00:00,13.866300000000024,13.717250000000035,13.280660000000012,0.36865473,1.597572119999994,30.11650273,95.3243219705,0
8.7412,46.6901,45.05681746717051,1981.729736328125,2020-08-31 06:00:00,-1.1489599999999882,2.034880000000044,5.834069999999997,0.004634261,0.0072568653399964,33.62876533997001,187.56678724997,0
8.7412,46.6901,45.05681746717051,1981.729736328125,1987-07-19 15:00:00,7.853000000000009,7.362020000000029,5.6159300000000485,0.8908957,5.205169300000001,46.98861562000001,186.97433987,0
8.7412,46.6901,45.05681746717051,1981.729736328125,2002-11-17 06:00:00,-1.566629999999975,1.9661500000000276,2.033900000000017,0.97284466,3.778867359999986,67.85519451,183.16284185,0
8.7412,46.6901,45.05681746717051,1981.729736328125,1973-07-18 00:00:00,2.9625800000000027,5.896400000000028,7.819540000000018,3.2649785,14.171555600000008,88.5807349,173.29773661,0
8.7412,46.6901,45.05681746717051,1981.729736328125,2023-08-28 22:00:00,0.9078300000000468,4.653530000000046,7.803250000000048,1.4716834,5.209192599999996,65.78435010000001,163.457076899,0
9.6947,46.6723,29.48133115489776,1161.6959228515625,2002-11-16 22:00:00,-0.2076999999999884,0.6399499999999989,0.7578700000000254,0.34108758,3.4534781800000207,62.59603785000001,154.189745408,0
9.6947,46.6723,29.48133115489776,1161.6959228515625,1981-07-20 05:00:00,-0.2783599999999637,5.885950000000037,6.005330000000015,0.53489953,2.056814730000021,30.05163379000001,144.17104426999998,0
9.6947,46.6723,29.48133115489776,1161.6959228515625,2018-10-30 01:00:00,-0.5380599999999731,4.029350000000022,4.1924000000000206,1.2359452000000002,5.087254600000014,36.159577049000006,139.835389653,0
9.6947,46.6723,29.48133115489776,1161.6959228515625,1985-08-06 21:00:00,-0.4502299999999763,7.896630000000016,8.158350000000041,1.2651533,3.6124811000000183,98.62401704,116.670276011635,0
9.6947,46.6723,29.48133115489776,1161.6959228515625,2014-11-06 18:00:00,-0.5407999999999902,2.165900000000022,2.285500000000013,0.42885542,1.1222660500000117,23.58425689,114.65661507,0
13.787332,46.726906,3.1968658148094735,731.2611083984375,1964-10-26 15:00:00,1.5384200000000303,5.270620000000008,5.499300000000005,0.45855343,1.3450533100000022,6.5952599719999965,122.102904142,0
13.787332,46.726906,3.1968658148094735,731.2611083984375,1992-12-06 07:00:00,-0.9756799999999544,2.81695000000002,2.98275000000001,0.105939806,0.4776678960000026,66.22971603599999,119.1677378712,0
13.787332,46.726906,3.1968658148094735,731.2611083984375,2023-11-05 08:00:00,2.6666000000000167,4.800840000000051,6.163540000000012,0.32050908,2.657830720000009,23.582743210210005,117.943518556039,0
13.787332,46.726906,3.1968658148094735,731.2611083984375,1966-08-18 12:00:00,16.083730000000003,15.921840000000032,14.37650000000002,1.4627278,5.310311899999999,66.15598709999999,116.96257177,0
13.787332,46.726906,3.1968658148094735,731.2611083984375,2018-10-30 11:00:00,7.505359999999996,9.406900000000007,9.458799999999997,1.0027438,2.8254929600000027,49.43788604,113.268374284,0
7.289,46.8769,1.412905378026811,596.493896484375,2021-07-15 15:00:00,14.702230000000045,14.377400000000025,13.657620000000009,0.4579126799999999,1.9513703800000148,30.00417751,104.65952692533467,0
7.289,46.8769,1.412905378026811,596.493896484375,1995-12-27 04:00:00,-3.82705999999996,1.2189000000000192,1.5359700000000205,0.3765691,1.178171470000016,22.98892473000001,100.7048205665,0
7.289,46.8769,1.412905378026811,596.493896484375,2010-08-17 04:00:00,11.960230000000024,11.555570000000046,12.419550000000015,0.0377073899999999,0.6905812800000142,14.082148716999995,100.343126993,0
7.289,46.8769,1.412905378026811,596.493896484375,1999-05-14 17:00:00,12.164330000000009,11.953820000000007,11.329980000000036,0.5462169600000001,2.0449534000000136,31.511912057000007,99.638401742,0
7.289,46.8769,1.412905378026811,596.493896484375,2007-08-09 18:00:00,9.865930000000048,11.25410000000005,12.628080000000011,0.95769763,3.1413137300000145,56.13183983,99.317864662383,0
8.9745,46.8598,7.442464105793881,1176.22998046875,2023-08-28 22:00:00,2.2555000000000405,5.4699300000000335,8.11184000000003,1.7699599,6.066709800000038,66.23385800000001,161.941330204,0
8.9745,46.8598,7.442464105793881,1176.22998046875,2020-08-31 06:00:00,-0.1391999999999598,2.929400000000044,5.642660000000035,0.0013113022,0.0029951333700346,31.377960124792004,161.17394366479198,0
8.9745,46.8598,7.442464105793881,1176.22998046875,1981-07-20 07:00:00,0.8759000000000015,5.308130000000006,5.559720000000027,0.59247017,1.5297159500000133,32.74497409000001,155.88904925,0
8.9745,46.8598,7.442464105793881,1176.22998046875,1991-06-18 23:00:00,-2.328649999999982,-0.1375999999999635,-0.1396199999999794,0.07532537,0.4542470000000079,11.091264915000004,141.222092445,0
8.9745,46.8598,7.442464105793881,1176.22998046875,2002-11-17 07:00:00,-1.9145299999999563,1.8042800000000057,1.871180000000038,0.30546775,1.4587580100000168,48.10362455,135.06328503999998,0
11.1463,46.8621,55.806126219261216,1645.1944580078125,1981-07-20 05:00:00,-0.6533599999999637,5.81564000000003,5.974080000000015,0.5003810000000001,1.9019246199999924,31.15552657,144.91878462,0
11.1463,46.8621,55.806126219261216,1645.1944580078125,2020-12-07 03:00:00,-5.929899999999975,-1.775699999999972,-1.5355599999999754,0.33893436,2.5577545599999927,43.16545286,133.33288973999998,0
11.1463,46.8621,55.806126219261216,1645.1944580078125,2018-10-30 03:00:00,-2.1820699999999533,3.462500000000034,3.673800000000029,0.7776506000000001,5.399245799999995,42.725972873,127.766091637,0
11.1463,46.8621,55.806126219261216,1645.1944580078125,1966-11-06 04:00:00,-4.543739999999957,1.339560000000006,1.5120800000000258,0.19952282,0.6081899599999894,6.377147990000002,127.12556387,0
11.1463,46.8621,55.806126219261216,1645.1944580078125,1985-08-06 20:00:00,-0.6619000000000028,7.328420000000051,7.827300000000037,0.78344345,4.01181725,100.38425591,122.6936686396,0
7.3968,46.9602,8.821315741594578,566.799072265625,2021-07-15 15:00:00,15.188559999999995,14.842250000000035,14.14004,0.33010542,1.2968965200000202,29.588658690000013,95.59018871632,0
7.3968,46.9602,8.821315741594578,566.799072265625,2010-08-17 04:00:00,12.34695000000005,12.022360000000049,12.884400000000028,0.061161816,0.9088795560000188,13.94563177800001,95.1479671083,0
7.3968,46.9602,8.821315741594578,566.799072265625,1978-08-09 18:00:00,12.253720000000044,13.561460000000013,13.4769,1.5497506,1.800492440000008,5.358576819000005,92.356306994,0
7.3968,46.9602,8.821315741594578,566.799072265625,2007-08-09 17:00:00,10.538350000000037,12.06432000000001,13.296960000000013,0.6559491,2.5638640000000192,57.722986000000006,92.24520777938,0
7.3968,46.9602,8.821315741594578,566.799072265625,1995-12-27 04:00:00,-3.34269999999998,1.209130000000016,1.5535500000000295,0.3891308,1.1381674700000195,21.060830200000016,91.705589066,0
11.4988,47.0272,39.14095239861464,1253.0595703125,2020-12-07 13:00:00,-3.449259999999981,-1.2790299999999777,-0.634619999999984,0.57570636,0.9977370499999906,31.130088626999985,142.15886972699997,0
11.4988,47.0272,39.14095239861464,1253.0595703125,1981-07-20 08:00:00,2.438130000000001,7.028830000000028,7.260600000000011,0.35473704,1.3176649599999983,32.51852101,140.3812753,0
11.4988,47.0272,39.14095239861464,1253.0595703125,1966-11-06 06:00:00,-2.438329999999951,2.1468000000000416,2.356620000000021,0.11897087,0.405356280000001,3.5034702209999966,130.192535046,0
11.4988,47.0272,39.14095239861464,1253.0595703125,1985-08-06 21:00:00,-0.3467200000000048,8.017719999999997,8.99430000000001,1.1608899,4.401795599999998,95.01502994,119.67895418804,0
11.4988,47.0272,39.14095239861464,1253.0595703125,2018-10-30 04:00:00,-0.1299799999999891,3.877530000000036,4.41384000000005,0.79360604,3.736417739999984,44.12492731199999,119.485765809,0
12.5392,47.0015,5.525692643353884,981.8986206054688,2020-12-07 13:00:00,-4.19144,-0.1891799999999648,0.048969999999997,0.3361255,1.228556040000007,42.25813615200002,184.572353752,0
12.5392,47.0015,5.525692643353884,981.8986206054688,1966-11-06 06:00:00,-3.1941999999999666,2.1272800000000416,2.26678000000004,0.031635165,0.1305826009999955,2.161762223000005,146.703465563,0
12.5392,47.0015,5.525692643353884,981.8986206054688,1981-07-21 08:00:00,3.3043800000000374,6.246360000000038,6.39047000000005,0.586465,1.7163157,15.572113780000004,134.20459253,0
12.5392,47.0015,5.525692643353884,981.8986206054688,2019-11-18 00:00:00,-2.2411299999999983,3.727000000000032,3.841499999999997,0.5675852299999999,2.215266230000007,73.79002813000002,128.2360283032,0
12.5392,47.0015,5.525692643353884,981.8986206054688,2018-10-30 05:00:00,-0.3699699999999666,3.0997300000000223,3.876860000000022,1.0740459,3.845866800000009,47.279913037500016,115.7911123222,0
8.8888,47.2185,20.57473729910321,417.4398498535156,2005-08-23 05:00:00,13.138570000000016,13.640600000000006,14.231600000000014,1.4108866,4.991427000000012,81.81603980000001,153.12072619,0
8.8888,47.2185,20.57473729910321,417.4398498535156,2023-08-29 12:00:00,12.278770000000009,14.307950000000003,14.381799999999998,0.59117377,2.034075540000022,44.96669214000001,140.537665894,0
8.8888,47.2185,20.57473729910321,417.4398498535156,1995-06-01 18:00:00,9.233600000000024,10.332420000000011,10.971030000000042,1.9415766,6.0938596000000205,56.8755791,140.28341722999997,0
8.8888,47.2185,20.57473729910321,417.4398498535156,1978-08-09 16:00:00,13.847440000000006,15.149560000000008,13.714260000000024,0.30463934,3.4155696400000237,7.796600410999994,137.444657322,0
8.8888,47.2185,20.57473729910321,417.4398498535156,2017-09-03 00:00:00,9.029629999999996,11.46610000000004,13.847900000000038,0.2647191299999999,1.4249608300000205,35.582490230000005,135.3410256862,0
12.9525,47.2943,7.499377688523072,791.932373046875,1981-07-20 11:00:00,5.071680000000015,8.552030000000002,8.923500000000047,0.7850826,3.051796899999994,47.5080554,157.667367361,0
12.9525,47.2943,7.499377688523072,791.932373046875,1970-08-10 21:00:00,10.48782,10.915200000000029,11.196500000000016,0.3554076,1.6616676099999987,31.90312528,137.122776339,0
12.9525,47.2943,7.499377688523072,791.932373046875,2024-09-14 19:00:00,0.0916400000000408,10.514640000000044,10.85680000000002,1.5949756,4.461497099999983,57.28097270000001,130.67174740999997,0
12.9525,47.2943,7.499377688523072,791.932373046875,1985-08-08 22:00:00,7.612880000000018,8.571500000000015,9.47863000000001,0.16621943,0.3880083099999822,2.645790587060007,116.06400790706,0
12.9525,47.2943,7.499377688523072,791.932373046875,1979-06-18 14:00:00,3.530300000000011,5.037350000000004,5.366360000000043,0.2585873,0.9799450699999934,38.34327677,109.8804316,0
11.5224,47.422,55.094306972792346,1440.093505859375,1981-07-20 09:00:00,3.751820000000009,6.716270000000009,6.998559999999998,0.33573247,1.4849398299999983,51.691407130000016,181.50031454600003,0
11.5224,47.422,55.094306972792346,1440.093505859375,1999-05-23 09:00:00,3.3771000000000413,0.1319000000000301,0.1578000000000088,0.23368001,0.675648449999982,17.262402880000014,150.24576765,0
11.5224,47.422,55.094306972792346,1440.093505859375,1979-06-18 11:00:00,0.7780999999999949,1.480130000000031,1.5204400000000078,1.4726073,4.572875799999999,56.40703250000001,146.11655734,0
11.5224,47.422,55.094306972792346,1440.093505859375,1985-08-08 10:00:00,6.069100000000049,6.9994800000000055,7.217920000000049,0.00032782555,0.0009611248989955,2.8445348068600134,126.46763466646,0
11.5224,47.422,55.094306972792346,1440.093505859375,1991-08-03 11:00:00,9.963200000000027,9.392240000000015,8.746120000000019,0.9997636,3.594791499999986,17.542077050000014,122.26664759,0
12.3966,47.446,2.131732071690111,749.0447998046875,1981-07-20 10:00:00,4.708030000000008,7.540369999999996,7.8790200000000254,0.7202327000000001,2.852940940000014,57.17686744,169.56463395539998,0
12.3966,47.446,2.131732071690111,749.0447998046875,1970-08-10 21:00:00,9.960470000000043,10.32534000000004,10.563680000000032,0.4909783599999999,2.430837630000007,46.14127418,147.54932763124,0
12.3966,47.446,2.131732071690111,749.0447998046875,1979-06-18 13:00:00,2.3973000000000297,4.670600000000036,4.874750000000006,0.69316477,2.810157830000012,57.87155572999999,144.6310958,0
12.3966,47.446,2.131732071690111,749.0447998046875,1991-08-03 12:00:00,12.553250000000048,11.608670000000018,10.20034000000004,0.13408065,1.1623976800000195,31.426867459999983,137.2252819,0
12.3966,47.446,2.131732071690111,749.0447998046875,2013-06-02 21:00:00,0.9184999999999944,1.721339999999998,1.8348000000000295,1.8465519,6.6037178000000205,72.4747781,135.97208311000003,0
12.4306,47.5244,2.6496749269213318,658.291015625,1981-07-21 08:00:00,6.571950000000015,6.635030000000029,7.122900000000016,1.2946278,3.7167221,29.893171159999994,174.31928535999998,0
12.4306,47.5244,2.6496749269213318,658.291015625,1991-08-03 12:00:00,13.240750000000048,12.073500000000024,10.82340000000005,0.21120906,1.3260412799999988,41.87776887999999,171.82808918,0
12.4306,47.5244,2.6496749269213318,658.291015625,1970-08-10 21:00:00,10.690940000000012,11.139800000000037,11.36447000000004,0.8317083,3.6582313000000015,56.6095038,161.2586938071,0
12.4306,47.5244,2.6496749269213318,658.291015625,1979-06-18 13:00:00,2.7918300000000045,4.121759999999995,4.5896000000000186,0.90800226,3.6664306600000023,68.48016366,158.16219207,0
12.4306,47.5244,2.6496749269213318,658.291015625,1954-07-10 14:00:00,5.762100000000032,5.057950000000005,4.893700000000024,1.4440864,4.906039600000007,41.15547430000001,153.3050891,0
13.6488,47.562,9.673034880927135,516.7612915039062,1970-08-12 00:00:00,9.767800000000022,10.482799999999996,10.999960000000044,1.5710928,5.932826600000001,29.52267613,183.52050013,0
13.6488,47.562,9.673034880927135,516.7612915039062,1981-07-21 10:00:00,5.614280000000008,6.05618000000004,6.496300000000019,1.5095267,4.488119799999997,46.4798175,178.58952670000002,0
13.6488,47.562,9.673034880927135,516.7612915039062,2024-09-15 00:00:00,0.4919700000000375,9.896800000000042,10.21890000000002,1.970835,6.112716999999996,78.31557810000001,165.38515641,0
13.6488,47.562,9.673034880927135,516.7612915039062,1959-08-13 14:00:00,12.137050000000045,11.82000000000005,11.436270000000036,0.24196506,1.260548860000009,101.24204276,161.94907384135,0
13.6488,47.562,9.673034880927135,516.7612915039062,2013-06-02 18:00:00,1.874870000000044,3.0283400000000142,3.4021000000000186,2.3401976,6.051689499999997,86.53392010000002,147.45573700600002,0
13.8188,47.8734,58.3161089894055,642.8528442382812,1959-08-13 23:00:00,14.542140000000018,14.006280000000004,14.538960000000031,0.35564974,1.256532969999998,43.8463951,169.522091382199,0
13.8188,47.8734,58.3161089894055,642.8528442382812,2013-06-02 18:00:00,6.411980000000028,7.518580000000043,8.484120000000019,2.602756,7.2787403999999825,102.11740500000002,161.511242026,0
13.8188,47.8734,58.3161089894055,642.8528442382812,1991-08-03 16:00:00,18.091880000000003,17.070580000000007,15.009450000000015,0.48157573,1.3964474199999832,34.58525440000002,151.45516830000005,0
13.8188,47.8734,58.3161089894055,642.8528442382812,2024-09-15 00:00:00,5.956800000000044,6.816740000000038,8.517719999999997,1.6664639,5.388356799999977,75.32029600000001,149.1693857,0
13.8188,47.8734,58.3161089894055,642.8528442382812,1981-07-21 09:00:00,10.672570000000007,11.26162000000005,11.114340000000029,0.56913495,1.901380719999988,27.21634707000001,141.44359226,0
